{
  "linear_regression": {
    "r2": 0.8291088127260479,
    "mae": 0.26683166263680713,
    "mse": 0.15856786792676297,
    "rmse": 0.398205811015815
  },
  "ridge_regression": {
    "r2": 0.8289260090524896,
    "mae": 0.26728708780854493,
    "mse": 0.15873748924678363,
    "rmse": 0.3984187360639352
  },
  "random_forest": {
    "r2": 0.8614186336702443,
    "mae": 0.19345535977857928,
    "mse": 0.1285879754469732,
    "rmse": 0.3585916555735412
  }
}